factory_id,factory_name,industry_type,location,district,state,factory_size,operating_days_per_week,shift_count,daily_operating_hours,opening_time,closing_time,installed_solar_capacity_kw,battery_capacity_kwh,grid_connection_capacity_kw,contracted_demand_kw,baseline_daily_energy_kwh,number_of_machines,number_of_workers
FAC_001,Apex Food Processing Pvt Ltd,food processing,"Gajuwaka Industrial Autonagar, Visakhapatnam",Visakhapatnam,Andhra Pradesh,Small,6,2,16,06:00:00,22:00:00,93.7,16.8,187.9,172.6,1367.9,5,7
FAC_002,Sri Vigneswara Metal Fabrication Pvt Ltd,metal fabrication,"Atchutapuram SEZ Cluster, Anakapalli",Anakapalli,Andhra Pradesh,Small,6,2,16,06:00:00,22:00:00,65.9,28.7,227.9,201.0,984.7,4,8
FAC_003,Coastal Automobile Components Pvt Ltd,automobile components,"Bobbili Industrial Growth Centre, Vizianagaram",Vizianagaram,Andhra Pradesh,Small,6,2,16,06:00:00,22:00:00,89.0,16.2,178.8,147.8,1239.0,4,11
FAC_004,Bayfront Plastics Pvt Ltd,plastics,"Pydibhimavaram Industrial Zone, Srikakulam",Srikakulam,Andhra Pradesh,Medium,7,3,24,00:00:00,23:59:59,230.0,69.8,467.8,386.6,2602.4,8,16
FAC_005,Kalinga Packaging Pvt Ltd,packaging,"Gambheeram Food & Tech Park, Visakhapatnam",Visakhapatnam,Andhra Pradesh,Medium,7,3,24,00:00:00,23:59:59,147.1,79.0,345.2,285.8,2468.2,6,13
FAC_006,Deccan Textiles Pvt Ltd,textiles,"Gajuwaka Industrial Autonagar, Visakhapatnam",Visakhapatnam,Andhra Pradesh,Medium,7,3,24,00:00:00,23:59:59,236.1,52.5,320.5,267.2,2816.2,7,13
FAC_007,Visakha Electrical Equipment Pvt Ltd,electrical equipment,"Atchutapuram SEZ Cluster, Anakapalli",Anakapalli,Andhra Pradesh,Small,6,2,16,06:00:00,22:00:00,44.1,20.6,160.4,145.3,733.9,3,10
FAC_008,Godavari Engineering Components Pvt Ltd,engineering components,"Bobbili Industrial Growth Centre, Vizianagaram",Vizianagaram,Andhra Pradesh,Small,6,2,16,06:00:00,22:00:00,93.3,20.8,159.5,140.8,943.0,4,9
FAC_009,Simhadri Agro-Processing Pvt Ltd,agro-processing,"Pydibhimavaram Industrial Zone, Srikakulam",Srikakulam,Andhra Pradesh,Small,6,2,16,06:00:00,22:00:00,41.3,33.3,178.6,147.8,773.0,3,8
FAC_010,Andhra Light Manufacturing Pvt Ltd,light manufacturing,"Gambheeram Food & Tech Park, Visakhapatnam",Visakhapatnam,Andhra Pradesh,Medium,7,3,24,00:00:00,23:59:59,158.7,53.8,299.4,243.2,2404.3,6,14
FAC_011,Srikakulam Food Processing Pvt Ltd,food processing,"Gajuwaka Industrial Autonagar, Visakhapatnam",Visakhapatnam,Andhra Pradesh,Medium,7,3,24,00:00:00,23:59:59,123.9,60.3,456.2,387.1,2846.3,8,15
FAC_012,Vizag Metal Fabrication Pvt Ltd,metal fabrication,"Atchutapuram SEZ Cluster, Anakapalli",Anakapalli,Andhra Pradesh,Small,6,2,16,06:00:00,22:00:00,62.6,29.3,154.9,125.4,994.7,4,11
FAC_013,Sunrise Automobile Components Pvt Ltd,automobile components,"Bobbili Industrial Growth Centre, Vizianagaram",Vizianagaram,Andhra Pradesh,Small,6,2,16,06:00:00,22:00:00,71.7,19.3,178.2,144.2,1078.8,4,9
FAC_014,Venkateswara Plastics Pvt Ltd,plastics,"Pydibhimavaram Industrial Zone, Srikakulam",Srikakulam,Andhra Pradesh,Small,6,2,16,06:00:00,22:00:00,78.7,27.8,199.0,164.4,1558.0,5,7
FAC_015,Ganesh Packaging Pvt Ltd,packaging,"Gambheeram Food & Tech Park, Visakhapatnam",Visakhapatnam,Andhra Pradesh,Small,6,2,16,06:00:00,22:00:00,72.4,31.5,213.6,174.8,884.5,4,10
FAC_016,Durga Textiles Pvt Ltd,textiles,"Gajuwaka Industrial Autonagar, Visakhapatnam",Visakhapatnam,Andhra Pradesh,Medium,7,3,24,00:00:00,23:59:59,135.4,56.9,395.6,325.5,3377.1,8,17
FAC_017,Crown Electrical Equipment Pvt Ltd,electrical equipment,"Atchutapuram SEZ Cluster, Anakapalli",Anakapalli,Andhra Pradesh,Medium,7,3,24,00:00:00,23:59:59,224.0,73.6,420.5,360.1,2047.3,6,17
FAC_018,Navata Engineering Components Pvt Ltd,engineering components,"Bobbili Industrial Growth Centre, Vizianagaram",Vizianagaram,Andhra Pradesh,Medium,7,3,24,00:00:00,23:59:59,126.0,50.5,329.4,263.8,2259.6,6,17
FAC_019,Pioneer Agro-Processing Pvt Ltd,agro-processing,"Pydibhimavaram Industrial Zone, Srikakulam",Srikakulam,Andhra Pradesh,Medium,7,3,24,00:00:00,23:59:59,235.5,73.7,477.8,402.0,3262.8,8,14
FAC_020,Sri Rama Light Manufacturing Pvt Ltd,light manufacturing,"Gambheeram Food & Tech Park, Visakhapatnam",Visakhapatnam,Andhra Pradesh,Medium,7,3,24,00:00:00,23:59:59,199.9,83.6,319.9,288.9,2639.6,7,17
FAC_021,Amrutha Food Processing Pvt Ltd,food processing,"Gajuwaka Industrial Autonagar, Visakhapatnam",Visakhapatnam,Andhra Pradesh,Small,6,2,16,06:00:00,22:00:00,89.3,33.1,156.6,129.0,1080.6,4,9
FAC_022,Gayatri Metal Fabrication Pvt Ltd,metal fabrication,"Atchutapuram SEZ Cluster, Anakapalli",Anakapalli,Andhra Pradesh,Medium,7,3,24,00:00:00,23:59:59,159.7,72.7,380.2,340.3,2337.1,7,16
FAC_023,Santhoshi Automobile Components Pvt Ltd,automobile components,"Bobbili Industrial Growth Centre, Vizianagaram",Vizianagaram,Andhra Pradesh,Small,6,2,16,06:00:00,22:00:00,56.6,34.5,231.8,200.8,1290.8,5,11
FAC_024,Srinivasa Plastics Pvt Ltd,plastics,"Pydibhimavaram Industrial Zone, Srikakulam",Srikakulam,Andhra Pradesh,Small,6,2,16,06:00:00,22:00:00,89.8,23.7,192.7,170.9,638.1,3,11
FAC_025,Vijaya Packaging Pvt Ltd,packaging,"Gambheeram Food & Tech Park, Visakhapatnam",Visakhapatnam,Andhra Pradesh,Medium,7,3,24,00:00:00,23:59:59,171.9,68.1,351.5,319.5,3128.6,7,14
FAC_026,Mahalaxmi Textiles Pvt Ltd,textiles,"Gajuwaka Industrial Autonagar, Visakhapatnam",Visakhapatnam,Andhra Pradesh,Small,6,2,16,06:00:00,22:00:00,64.5,19.6,178.0,157.8,757.4,4,7
FAC_027,Nandi Electrical Equipment Pvt Ltd,electrical equipment,"Atchutapuram SEZ Cluster, Anakapalli",Anakapalli,Andhra Pradesh,Small,6,2,16,06:00:00,22:00:00,58.7,21.4,172.4,147.2,1128.0,4,11
FAC_028,Garuda Engineering Components Pvt Ltd,engineering components,"Bobbili Industrial Growth Centre, Vizianagaram",Vizianagaram,Andhra Pradesh,Small,6,2,16,06:00:00,22:00:00,74.9,15.9,143.2,119.3,1146.1,5,11
FAC_029,Lotus Agro-Processing Pvt Ltd,agro-processing,"Pydibhimavaram Industrial Zone, Srikakulam",Srikakulam,Andhra Pradesh,Small,6,2,16,06:00:00,22:00:00,46.4,29.4,167.9,142.0,1170.4,4,7
FAC_030,Trident Light Manufacturing Pvt Ltd,light manufacturing,"Gambheeram Food & Tech Park, Visakhapatnam",Visakhapatnam,Andhra Pradesh,Medium,7,3,24,00:00:00,23:59:59,122.8,92.2,416.1,357.7,2246.3,7,14
FAC_031,Oceanic Food Processing Pvt Ltd,food processing,"Gajuwaka Industrial Autonagar, Visakhapatnam",Visakhapatnam,Andhra Pradesh,Small,6,2,16,06:00:00,22:00:00,59.4,29.8,166.4,150.9,1444.6,5,8
FAC_032,Varun Metal Fabrication Pvt Ltd,metal fabrication,"Atchutapuram SEZ Cluster, Anakapalli",Anakapalli,Andhra Pradesh,Small,6,2,16,06:00:00,22:00:00,65.9,29.3,203.3,173.4,838.2,3,10
FAC_033,AgriTech Automobile Components Pvt Ltd,automobile components,"Bobbili Industrial Growth Centre, Vizianagaram",Vizianagaram,Andhra Pradesh,Medium,7,3,24,00:00:00,23:59:59,222.2,59.8,371.5,324.2,2735.0,7,18
FAC_034,PolyCraft Plastics Pvt Ltd,plastics,"Pydibhimavaram Industrial Zone, Srikakulam",Srikakulam,Andhra Pradesh,Medium,7,3,24,00:00:00,23:59:59,151.6,51.6,425.4,365.6,2678.4,7,17
FAC_035,MetalTek Packaging Pvt Ltd,packaging,"Gambheeram Food & Tech Park, Visakhapatnam",Visakhapatnam,Andhra Pradesh,Small,6,2,16,06:00:00,22:00:00,60.1,31.4,158.1,133.0,670.1,3,7
FAC_036,PakSolution Textiles Pvt Ltd,textiles,"Gajuwaka Industrial Autonagar, Visakhapatnam",Visakhapatnam,Andhra Pradesh,Small,6,2,16,06:00:00,22:00:00,93.0,15.4,157.9,131.7,971.9,4,10
FAC_037,AutoPrecision Electrical Equipment Pvt Ltd,electrical equipment,"Atchutapuram SEZ Cluster, Anakapalli",Anakapalli,Andhra Pradesh,Small,6,2,16,06:00:00,22:00:00,74.2,28.0,207.9,179.8,956.2,3,9
FAC_038,TextileCraft Engineering Components Pvt Ltd,engineering components,"Bobbili Industrial Growth Centre, Vizianagaram",Vizianagaram,Andhra Pradesh,Small,6,2,16,06:00:00,22:00:00,51.6,23.3,232.4,202.6,1112.0,5,11
FAC_039,PowerVolt Agro-Processing Pvt Ltd,agro-processing,"Pydibhimavaram Industrial Zone, Srikakulam",Srikakulam,Andhra Pradesh,Small,6,2,16,06:00:00,22:00:00,76.9,15.9,176.8,152.1,556.1,3,11
FAC_040,PrecisionWorks Light Manufacturing Pvt Ltd,light manufacturing,"Gambheeram Food & Tech Park, Visakhapatnam",Visakhapatnam,Andhra Pradesh,Medium,7,3,24,00:00:00,23:59:59,174.2,70.2,488.5,417.8,3316.3,8,14
