machine_id,factory_id,machine_name,machine_type,rated_power_kw,standby_power_kw,minimum_run_time_minutes,maximum_continuous_runtime_hours,production_rate_units_per_hour,energy_per_unit_kwh,machine_availability,available_start_time,available_end_time,maintenance_status,maintenance_start_time,maintenance_end_time,required_skill_level,workers_required,startup_energy_kwh
MAC_001,FAC_001,CNC Milling Center VMC-850 #1,Machining Center,28.0,2.0,45,8,40.0,0.6243,Available,06:00:00,22:00:00,None,,,3,1,2.0
MAC_002,FAC_001,Hydraulic Stamping Press 150T #2,Forming Press,35.0,1.8,60,8,140.0,0.2337,Available,06:00:00,22:00:00,None,,,2,2,3.5
MAC_003,FAC_001,Plastic Injection Mold 250T #3,Molding Machine,32.0,2.2,60,10,120.0,0.2436,Available,06:00:00,22:00:00,None,,,2,1,3.0
MAC_004,FAC_001,Automatic Pouch Packaging Line #4,Packaging Line,12.0,0.8,30,10,600.0,0.0185,Available,06:00:00,22:00:00,None,,,1,1,0.8
MAC_005,FAC_001,High-Pressure Pasteurizer #5,Thermal Processing,25.0,2.0,45,6,500.0,0.0449,Available,06:00:00,22:00:00,None,,,3,2,3.0
MAC_006,FAC_002,Blow Molding Container Line #1,Molding Machine,26.0,1.9,45,8,180.0,0.1316,Available,06:00:00,22:00:00,None,,,2,2,2.2
MAC_007,FAC_002,Robotic MIG Welding Station #2,Welding Cell,22.0,1.4,30,10,65.0,0.3073,Available,06:00:00,22:00:00,None,,,3,1,1.2
MAC_008,FAC_002,Fiber Laser Sheet Cutter 3kW #3,Laser Cutting,26.0,1.8,30,8,95.0,0.2451,Available,06:00:00,22:00:00,Scheduled,2026-10-11 08:00:00,2026-10-11 14:00:00,3,1,1.8
MAC_009,FAC_002,CNC Press Brake 110T #4,Bending & Forming,18.0,1.2,45,8,75.0,0.2185,Available,06:00:00,22:00:00,None,,,2,2,1.4
MAC_010,FAC_003,Air-Jet Weaving Loom Line #1,Weaving Machinery,34.0,2.6,120,12,220.0,0.1437,Available,06:00:00,22:00:00,None,,,2,2,3.2
MAC_011,FAC_003,Yarn Dyeing Vessel 500kg #2,Dyeing & Finishing,38.0,3.2,90,8,160.0,0.2192,Available,06:00:00,22:00:00,None,,,3,2,5.0
MAC_012,FAC_003,Automatic Corrugated Fluter #3,Board Conversion,24.0,1.6,60,8,420.0,0.053,Available,06:00:00,22:00:00,None,,,2,2,2.2
MAC_013,FAC_003,Flexographic 4-Color Press #4,Package Printing,18.0,1.2,45,8,500.0,0.0332,Available,06:00:00,22:00:00,None,,,3,2,1.5
MAC_014,FAC_004,Automatic Die Cutting Press #1,Die Cutting,15.0,1.0,30,10,360.0,0.0382,Available,00:00:00,23:59:59,None,,,2,1,1.2
MAC_015,FAC_004,Cold Storage Compressor Unit #2,Refrigeration Unit,22.0,3.5,120,12,100.0,0.1981,Available,00:00:00,23:59:59,None,,,2,1,2.5
MAC_016,FAC_004,Powder Coating Oven Line #3,Surface Coating,32.0,2.8,90,10,110.0,0.2634,Available,00:00:00,23:59:59,Scheduled,2026-11-20 08:00:00,2026-11-20 14:00:00,2,2,4.0
MAC_017,FAC_004,Heavy Shot Blasting Machine #4,Surface Prep,20.0,1.4,30,6,130.0,0.141,Available,00:00:00,23:59:59,None,,,1,1,2.0
MAC_018,FAC_004,Rotary Screen Textile Printer #5,Textile Printing,28.0,2.0,60,8,300.0,0.0822,Available,00:00:00,23:59:59,None,,,3,3,2.5
MAC_019,FAC_004,Folder Gluer & Carton Sealer #6,Carton Assembly,10.0,0.6,30,8,800.0,0.0113,Available,00:00:00,23:59:59,None,,,1,1,0.6
MAC_020,FAC_004,Fruit Pulper & Extractor Line #7,Food Processing,18.5,1.2,60,8,250.0,0.0653,Available,00:00:00,23:59:59,None,,,2,2,1.5
MAC_021,FAC_004,CNC Milling Center VMC-850 #8,Machining Center,28.0,2.0,45,8,40.0,0.6303,Available,00:00:00,23:59:59,None,,,3,1,2.0
MAC_022,FAC_005,Hydraulic Stamping Press 150T #1,Forming Press,35.0,1.8,60,8,140.0,0.2225,Available,00:00:00,23:59:59,None,,,2,2,3.5
MAC_023,FAC_005,Plastic Injection Mold 250T #2,Molding Machine,32.0,2.2,60,10,120.0,0.248,Available,00:00:00,23:59:59,None,,,2,1,3.0
MAC_024,FAC_005,Automatic Pouch Packaging Line #3,Packaging Line,12.0,0.8,30,10,600.0,0.0178,Available,00:00:00,23:59:59,Scheduled,2026-10-06 08:00:00,2026-10-06 14:00:00,1,1,0.8
MAC_025,FAC_005,High-Pressure Pasteurizer #4,Thermal Processing,25.0,2.0,45,6,500.0,0.0458,Available,00:00:00,23:59:59,None,,,3,2,3.0
MAC_026,FAC_005,Blow Molding Container Line #5,Molding Machine,26.0,1.9,45,8,180.0,0.1343,Available,00:00:00,23:59:59,None,,,2,2,2.2
MAC_027,FAC_005,Robotic MIG Welding Station #6,Welding Cell,22.0,1.4,30,10,65.0,0.311,Available,00:00:00,23:59:59,None,,,3,1,1.2
MAC_028,FAC_006,Fiber Laser Sheet Cutter 3kW #1,Laser Cutting,26.0,1.8,30,8,95.0,0.2426,Available,00:00:00,23:59:59,None,,,3,1,1.8
MAC_029,FAC_006,CNC Press Brake 110T #2,Bending & Forming,18.0,1.2,45,8,75.0,0.2227,Available,00:00:00,23:59:59,None,,,2,2,1.4
MAC_030,FAC_006,Air-Jet Weaving Loom Line #3,Weaving Machinery,34.0,2.6,120,12,220.0,0.1452,Available,00:00:00,23:59:59,None,,,2,2,3.2
MAC_031,FAC_006,Yarn Dyeing Vessel 500kg #4,Dyeing & Finishing,38.0,3.2,90,8,160.0,0.2104,Available,00:00:00,23:59:59,None,,,3,2,5.0
MAC_032,FAC_006,Automatic Corrugated Fluter #5,Board Conversion,24.0,1.6,60,8,420.0,0.0503,Available,00:00:00,23:59:59,Scheduled,2026-11-15 08:00:00,2026-11-15 14:00:00,2,2,2.2
MAC_033,FAC_006,Flexographic 4-Color Press #6,Package Printing,18.0,1.2,45,8,500.0,0.0322,Available,00:00:00,23:59:59,None,,,3,2,1.5
MAC_034,FAC_006,Automatic Die Cutting Press #7,Die Cutting,15.0,1.0,30,10,360.0,0.0391,Available,00:00:00,23:59:59,None,,,2,1,1.2
MAC_035,FAC_007,Cold Storage Compressor Unit #1,Refrigeration Unit,22.0,3.5,120,12,100.0,0.2035,Available,06:00:00,22:00:00,None,,,2,1,2.5
MAC_036,FAC_007,Powder Coating Oven Line #2,Surface Coating,32.0,2.8,90,10,110.0,0.2677,Available,06:00:00,22:00:00,None,,,2,2,4.0
MAC_037,FAC_007,Heavy Shot Blasting Machine #3,Surface Prep,20.0,1.4,30,6,130.0,0.1376,Available,06:00:00,22:00:00,None,,,1,1,2.0
MAC_038,FAC_008,Rotary Screen Textile Printer #1,Textile Printing,28.0,2.0,60,8,300.0,0.0863,Available,06:00:00,22:00:00,None,,,3,3,2.5
MAC_039,FAC_008,Folder Gluer & Carton Sealer #2,Carton Assembly,10.0,0.6,30,8,800.0,0.0116,Available,06:00:00,22:00:00,None,,,1,1,0.6
MAC_040,FAC_008,Fruit Pulper & Extractor Line #3,Food Processing,18.5,1.2,60,8,250.0,0.0666,Available,06:00:00,22:00:00,Scheduled,2026-10-01 08:00:00,2026-10-01 14:00:00,2,2,1.5
MAC_041,FAC_008,CNC Milling Center VMC-850 #4,Machining Center,28.0,2.0,45,8,40.0,0.6341,Available,06:00:00,22:00:00,None,,,3,1,2.0
MAC_042,FAC_009,Hydraulic Stamping Press 150T #1,Forming Press,35.0,1.8,60,8,140.0,0.2289,Available,06:00:00,22:00:00,None,,,2,2,3.5
MAC_043,FAC_009,Plastic Injection Mold 250T #2,Molding Machine,32.0,2.2,60,10,120.0,0.2417,Available,06:00:00,22:00:00,None,,,2,1,3.0
MAC_044,FAC_009,Automatic Pouch Packaging Line #3,Packaging Line,12.0,0.8,30,10,600.0,0.0187,Available,06:00:00,22:00:00,None,,,1,1,0.8
MAC_045,FAC_010,High-Pressure Pasteurizer #1,Thermal Processing,25.0,2.0,45,6,500.0,0.0464,Available,00:00:00,23:59:59,None,,,3,2,3.0
MAC_046,FAC_010,Blow Molding Container Line #2,Molding Machine,26.0,1.9,45,8,180.0,0.1292,Available,00:00:00,23:59:59,None,,,2,2,2.2
MAC_047,FAC_010,Robotic MIG Welding Station #3,Welding Cell,22.0,1.4,30,10,65.0,0.3005,Available,00:00:00,23:59:59,None,,,3,1,1.2
MAC_048,FAC_010,Fiber Laser Sheet Cutter 3kW #4,Laser Cutting,26.0,1.8,30,8,95.0,0.2459,Available,00:00:00,23:59:59,Scheduled,2026-11-10 08:00:00,2026-11-10 14:00:00,3,1,1.8
MAC_049,FAC_010,CNC Press Brake 110T #5,Bending & Forming,18.0,1.2,45,8,75.0,0.2207,Available,00:00:00,23:59:59,None,,,2,2,1.4
MAC_050,FAC_010,Air-Jet Weaving Loom Line #6,Weaving Machinery,34.0,2.6,120,12,220.0,0.1385,Available,00:00:00,23:59:59,None,,,2,2,3.2
MAC_051,FAC_011,Yarn Dyeing Vessel 500kg #1,Dyeing & Finishing,38.0,3.2,90,8,160.0,0.2203,Available,00:00:00,23:59:59,None,,,3,2,5.0
MAC_052,FAC_011,Automatic Corrugated Fluter #2,Board Conversion,24.0,1.6,60,8,420.0,0.0534,Available,00:00:00,23:59:59,None,,,2,2,2.2
MAC_053,FAC_011,Flexographic 4-Color Press #3,Package Printing,18.0,1.2,45,8,500.0,0.0332,Available,00:00:00,23:59:59,None,,,3,2,1.5
MAC_054,FAC_011,Automatic Die Cutting Press #4,Die Cutting,15.0,1.0,30,10,360.0,0.0371,Available,00:00:00,23:59:59,None,,,2,1,1.2
MAC_055,FAC_011,Cold Storage Compressor Unit #5,Refrigeration Unit,22.0,3.5,120,12,100.0,0.1982,Available,00:00:00,23:59:59,None,,,2,1,2.5
MAC_056,FAC_011,Powder Coating Oven Line #6,Surface Coating,32.0,2.8,90,10,110.0,0.2573,Available,00:00:00,23:59:59,Scheduled,2026-09-26 08:00:00,2026-09-26 14:00:00,2,2,4.0
MAC_057,FAC_011,Heavy Shot Blasting Machine #7,Surface Prep,20.0,1.4,30,6,130.0,0.1378,Available,00:00:00,23:59:59,None,,,1,1,2.0
MAC_058,FAC_011,Rotary Screen Textile Printer #8,Textile Printing,28.0,2.0,60,8,300.0,0.083,Available,00:00:00,23:59:59,None,,,3,3,2.5
MAC_059,FAC_012,Folder Gluer & Carton Sealer #1,Carton Assembly,10.0,0.6,30,8,800.0,0.0116,Available,06:00:00,22:00:00,None,,,1,1,0.6
MAC_060,FAC_012,Fruit Pulper & Extractor Line #2,Food Processing,18.5,1.2,60,8,250.0,0.0666,Available,06:00:00,22:00:00,None,,,2,2,1.5
MAC_061,FAC_012,CNC Milling Center VMC-850 #3,Machining Center,28.0,2.0,45,8,40.0,0.6486,Available,06:00:00,22:00:00,None,,,3,1,2.0
MAC_062,FAC_012,Hydraulic Stamping Press 150T #4,Forming Press,35.0,1.8,60,8,140.0,0.2299,Available,06:00:00,22:00:00,None,,,2,2,3.5
MAC_063,FAC_013,Plastic Injection Mold 250T #1,Molding Machine,32.0,2.2,60,10,120.0,0.2438,Available,06:00:00,22:00:00,None,,,2,1,3.0
MAC_064,FAC_013,Automatic Pouch Packaging Line #2,Packaging Line,12.0,0.8,30,10,600.0,0.0187,Available,06:00:00,22:00:00,Scheduled,2026-11-05 08:00:00,2026-11-05 14:00:00,1,1,0.8
MAC_065,FAC_013,High-Pressure Pasteurizer #3,Thermal Processing,25.0,2.0,45,6,500.0,0.0462,Available,06:00:00,22:00:00,None,,,3,2,3.0
MAC_066,FAC_013,Blow Molding Container Line #4,Molding Machine,26.0,1.9,45,8,180.0,0.1339,Available,06:00:00,22:00:00,None,,,2,2,2.2
MAC_067,FAC_014,Robotic MIG Welding Station #1,Welding Cell,22.0,1.4,30,10,65.0,0.2999,Available,06:00:00,22:00:00,None,,,3,1,1.2
MAC_068,FAC_014,Fiber Laser Sheet Cutter 3kW #2,Laser Cutting,26.0,1.8,30,8,95.0,0.2503,Available,06:00:00,22:00:00,None,,,3,1,1.8
MAC_069,FAC_014,CNC Press Brake 110T #3,Bending & Forming,18.0,1.2,45,8,75.0,0.2144,Available,06:00:00,22:00:00,None,,,2,2,1.4
MAC_070,FAC_014,Air-Jet Weaving Loom Line #4,Weaving Machinery,34.0,2.6,120,12,220.0,0.1384,Available,06:00:00,22:00:00,None,,,2,2,3.2
MAC_071,FAC_014,Yarn Dyeing Vessel 500kg #5,Dyeing & Finishing,38.0,3.2,90,8,160.0,0.2106,Available,06:00:00,22:00:00,None,,,3,2,5.0
MAC_072,FAC_015,Automatic Corrugated Fluter #1,Board Conversion,24.0,1.6,60,8,420.0,0.053,Available,06:00:00,22:00:00,Scheduled,2026-09-21 08:00:00,2026-09-21 14:00:00,2,2,2.2
MAC_073,FAC_015,Flexographic 4-Color Press #2,Package Printing,18.0,1.2,45,8,500.0,0.0337,Available,06:00:00,22:00:00,None,,,3,2,1.5
MAC_074,FAC_015,Automatic Die Cutting Press #3,Die Cutting,15.0,1.0,30,10,360.0,0.0382,Available,06:00:00,22:00:00,None,,,2,1,1.2
MAC_075,FAC_015,Cold Storage Compressor Unit #4,Refrigeration Unit,22.0,3.5,120,12,100.0,0.1982,Available,06:00:00,22:00:00,None,,,2,1,2.5
MAC_076,FAC_016,Powder Coating Oven Line #1,Surface Coating,32.0,2.8,90,10,110.0,0.2565,Available,00:00:00,23:59:59,None,,,2,2,4.0
MAC_077,FAC_016,Heavy Shot Blasting Machine #2,Surface Prep,20.0,1.4,30,6,130.0,0.1414,Available,00:00:00,23:59:59,None,,,1,1,2.0
MAC_078,FAC_016,Rotary Screen Textile Printer #3,Textile Printing,28.0,2.0,60,8,300.0,0.0827,Available,00:00:00,23:59:59,None,,,3,3,2.5
MAC_079,FAC_016,Folder Gluer & Carton Sealer #4,Carton Assembly,10.0,0.6,30,8,800.0,0.0114,Available,00:00:00,23:59:59,None,,,1,1,0.6
MAC_080,FAC_016,Fruit Pulper & Extractor Line #5,Food Processing,18.5,1.2,60,8,250.0,0.0675,Available,00:00:00,23:59:59,Scheduled,2026-10-31 08:00:00,2026-10-31 14:00:00,2,2,1.5
MAC_081,FAC_016,CNC Milling Center VMC-850 #6,Machining Center,28.0,2.0,45,8,40.0,0.6261,Available,00:00:00,23:59:59,None,,,3,1,2.0
MAC_082,FAC_016,Hydraulic Stamping Press 150T #7,Forming Press,35.0,1.8,60,8,140.0,0.2316,Available,00:00:00,23:59:59,None,,,2,2,3.5
MAC_083,FAC_016,Plastic Injection Mold 250T #8,Molding Machine,32.0,2.2,60,10,120.0,0.2424,Available,00:00:00,23:59:59,None,,,2,1,3.0
MAC_084,FAC_017,Automatic Pouch Packaging Line #1,Packaging Line,12.0,0.8,30,10,600.0,0.018,Available,00:00:00,23:59:59,None,,,1,1,0.8
MAC_085,FAC_017,High-Pressure Pasteurizer #2,Thermal Processing,25.0,2.0,45,6,500.0,0.046,Available,00:00:00,23:59:59,None,,,3,2,3.0
MAC_086,FAC_017,Blow Molding Container Line #3,Molding Machine,26.0,1.9,45,8,180.0,0.1286,Available,00:00:00,23:59:59,None,,,2,2,2.2
MAC_087,FAC_017,Robotic MIG Welding Station #4,Welding Cell,22.0,1.4,30,10,65.0,0.3044,Available,00:00:00,23:59:59,None,,,3,1,1.2
MAC_088,FAC_017,Fiber Laser Sheet Cutter 3kW #5,Laser Cutting,26.0,1.8,30,8,95.0,0.2499,Available,00:00:00,23:59:59,Scheduled,2026-09-16 08:00:00,2026-09-16 14:00:00,3,1,1.8
MAC_089,FAC_017,CNC Press Brake 110T #6,Bending & Forming,18.0,1.2,45,8,75.0,0.2225,Available,00:00:00,23:59:59,None,,,2,2,1.4
MAC_090,FAC_018,Air-Jet Weaving Loom Line #1,Weaving Machinery,34.0,2.6,120,12,220.0,0.1364,Available,00:00:00,23:59:59,None,,,2,2,3.2
MAC_091,FAC_018,Yarn Dyeing Vessel 500kg #2,Dyeing & Finishing,38.0,3.2,90,8,160.0,0.2178,Available,00:00:00,23:59:59,None,,,3,2,5.0
MAC_092,FAC_018,Automatic Corrugated Fluter #3,Board Conversion,24.0,1.6,60,8,420.0,0.0524,Available,00:00:00,23:59:59,None,,,2,2,2.2
MAC_093,FAC_018,Flexographic 4-Color Press #4,Package Printing,18.0,1.2,45,8,500.0,0.0333,Available,00:00:00,23:59:59,None,,,3,2,1.5
MAC_094,FAC_018,Automatic Die Cutting Press #5,Die Cutting,15.0,1.0,30,10,360.0,0.037,Available,00:00:00,23:59:59,None,,,2,1,1.2
MAC_095,FAC_018,Cold Storage Compressor Unit #6,Refrigeration Unit,22.0,3.5,120,12,100.0,0.2043,Available,00:00:00,23:59:59,None,,,2,1,2.5
MAC_096,FAC_019,Powder Coating Oven Line #1,Surface Coating,32.0,2.8,90,10,110.0,0.2575,Available,00:00:00,23:59:59,Scheduled,2026-10-26 08:00:00,2026-10-26 14:00:00,2,2,4.0
MAC_097,FAC_019,Heavy Shot Blasting Machine #2,Surface Prep,20.0,1.4,30,6,130.0,0.1381,Available,00:00:00,23:59:59,None,,,1,1,2.0
MAC_098,FAC_019,Rotary Screen Textile Printer #3,Textile Printing,28.0,2.0,60,8,300.0,0.0864,Available,00:00:00,23:59:59,None,,,3,3,2.5
MAC_099,FAC_019,Folder Gluer & Carton Sealer #4,Carton Assembly,10.0,0.6,30,8,800.0,0.0113,Available,00:00:00,23:59:59,None,,,1,1,0.6
MAC_100,FAC_019,Fruit Pulper & Extractor Line #5,Food Processing,18.5,1.2,60,8,250.0,0.0664,Available,00:00:00,23:59:59,None,,,2,2,1.5
MAC_101,FAC_019,CNC Milling Center VMC-850 #6,Machining Center,28.0,2.0,45,8,40.0,0.6558,Available,00:00:00,23:59:59,None,,,3,1,2.0
MAC_102,FAC_019,Hydraulic Stamping Press 150T #7,Forming Press,35.0,1.8,60,8,140.0,0.2278,Available,00:00:00,23:59:59,None,,,2,2,3.5
MAC_103,FAC_019,Plastic Injection Mold 250T #8,Molding Machine,32.0,2.2,60,10,120.0,0.2498,Available,00:00:00,23:59:59,None,,,2,1,3.0
MAC_104,FAC_020,Automatic Pouch Packaging Line #1,Packaging Line,12.0,0.8,30,10,600.0,0.0188,Available,00:00:00,23:59:59,Scheduled,2026-09-11 08:00:00,2026-09-11 14:00:00,1,1,0.8
MAC_105,FAC_020,High-Pressure Pasteurizer #2,Thermal Processing,25.0,2.0,45,6,500.0,0.0463,Available,00:00:00,23:59:59,None,,,3,2,3.0
MAC_106,FAC_020,Blow Molding Container Line #3,Molding Machine,26.0,1.9,45,8,180.0,0.1285,Available,00:00:00,23:59:59,None,,,2,2,2.2
MAC_107,FAC_020,Robotic MIG Welding Station #4,Welding Cell,22.0,1.4,30,10,65.0,0.3155,Available,00:00:00,23:59:59,None,,,3,1,1.2
MAC_108,FAC_020,Fiber Laser Sheet Cutter 3kW #5,Laser Cutting,26.0,1.8,30,8,95.0,0.2477,Available,00:00:00,23:59:59,None,,,3,1,1.8
MAC_109,FAC_020,CNC Press Brake 110T #6,Bending & Forming,18.0,1.2,45,8,75.0,0.2216,Available,00:00:00,23:59:59,None,,,2,2,1.4
MAC_110,FAC_020,Air-Jet Weaving Loom Line #7,Weaving Machinery,34.0,2.6,120,12,220.0,0.141,Available,00:00:00,23:59:59,None,,,2,2,3.2
MAC_111,FAC_021,Yarn Dyeing Vessel 500kg #1,Dyeing & Finishing,38.0,3.2,90,8,160.0,0.2099,Available,06:00:00,22:00:00,None,,,3,2,5.0
MAC_112,FAC_021,Automatic Corrugated Fluter #2,Board Conversion,24.0,1.6,60,8,420.0,0.0516,Available,06:00:00,22:00:00,Scheduled,2026-10-21 08:00:00,2026-10-21 14:00:00,2,2,2.2
MAC_113,FAC_021,Flexographic 4-Color Press #3,Package Printing,18.0,1.2,45,8,500.0,0.0338,Available,06:00:00,22:00:00,None,,,3,2,1.5
MAC_114,FAC_021,Automatic Die Cutting Press #4,Die Cutting,15.0,1.0,30,10,360.0,0.0368,Available,06:00:00,22:00:00,None,,,2,1,1.2
MAC_115,FAC_022,Cold Storage Compressor Unit #1,Refrigeration Unit,22.0,3.5,120,12,100.0,0.2019,Available,00:00:00,23:59:59,None,,,2,1,2.5
MAC_116,FAC_022,Powder Coating Oven Line #2,Surface Coating,32.0,2.8,90,10,110.0,0.266,Available,00:00:00,23:59:59,None,,,2,2,4.0
MAC_117,FAC_022,Heavy Shot Blasting Machine #3,Surface Prep,20.0,1.4,30,6,130.0,0.1434,Available,00:00:00,23:59:59,None,,,1,1,2.0
MAC_118,FAC_022,Rotary Screen Textile Printer #4,Textile Printing,28.0,2.0,60,8,300.0,0.0835,Available,00:00:00,23:59:59,None,,,3,3,2.5
MAC_119,FAC_022,Folder Gluer & Carton Sealer #5,Carton Assembly,10.0,0.6,30,8,800.0,0.0116,Available,00:00:00,23:59:59,None,,,1,1,0.6
MAC_120,FAC_022,Fruit Pulper & Extractor Line #6,Food Processing,18.5,1.2,60,8,250.0,0.0654,Available,00:00:00,23:59:59,Scheduled,2026-09-06 08:00:00,2026-09-06 14:00:00,2,2,1.5
MAC_121,FAC_022,CNC Milling Center VMC-850 #7,Machining Center,28.0,2.0,45,8,40.0,0.6252,Available,00:00:00,23:59:59,None,,,3,1,2.0
MAC_122,FAC_023,Hydraulic Stamping Press 150T #1,Forming Press,35.0,1.8,60,8,140.0,0.2279,Available,06:00:00,22:00:00,None,,,2,2,3.5
MAC_123,FAC_023,Plastic Injection Mold 250T #2,Molding Machine,32.0,2.2,60,10,120.0,0.2369,Available,06:00:00,22:00:00,None,,,2,1,3.0
MAC_124,FAC_023,Automatic Pouch Packaging Line #3,Packaging Line,12.0,0.8,30,10,600.0,0.0181,Available,06:00:00,22:00:00,None,,,1,1,0.8
MAC_125,FAC_023,High-Pressure Pasteurizer #4,Thermal Processing,25.0,2.0,45,6,500.0,0.0462,Available,06:00:00,22:00:00,None,,,3,2,3.0
MAC_126,FAC_023,Blow Molding Container Line #5,Molding Machine,26.0,1.9,45,8,180.0,0.1278,Available,06:00:00,22:00:00,None,,,2,2,2.2
MAC_127,FAC_024,Robotic MIG Welding Station #1,Welding Cell,22.0,1.4,30,10,65.0,0.3162,Available,06:00:00,22:00:00,None,,,3,1,1.2
MAC_128,FAC_024,Fiber Laser Sheet Cutter 3kW #2,Laser Cutting,26.0,1.8,30,8,95.0,0.256,Available,06:00:00,22:00:00,Scheduled,2026-10-16 08:00:00,2026-10-16 14:00:00,3,1,1.8
MAC_129,FAC_024,CNC Press Brake 110T #3,Bending & Forming,18.0,1.2,45,8,75.0,0.2137,Available,06:00:00,22:00:00,None,,,2,2,1.4
MAC_130,FAC_025,Air-Jet Weaving Loom Line #1,Weaving Machinery,34.0,2.6,120,12,220.0,0.1381,Available,00:00:00,23:59:59,None,,,2,2,3.2
MAC_131,FAC_025,Yarn Dyeing Vessel 500kg #2,Dyeing & Finishing,38.0,3.2,90,8,160.0,0.2188,Available,00:00:00,23:59:59,None,,,3,2,5.0
MAC_132,FAC_025,Automatic Corrugated Fluter #3,Board Conversion,24.0,1.6,60,8,420.0,0.0515,Available,00:00:00,23:59:59,None,,,2,2,2.2
MAC_133,FAC_025,Flexographic 4-Color Press #4,Package Printing,18.0,1.2,45,8,500.0,0.0338,Available,00:00:00,23:59:59,None,,,3,2,1.5
MAC_134,FAC_025,Automatic Die Cutting Press #5,Die Cutting,15.0,1.0,30,10,360.0,0.0374,Available,00:00:00,23:59:59,None,,,2,1,1.2
MAC_135,FAC_025,Cold Storage Compressor Unit #6,Refrigeration Unit,22.0,3.5,120,12,100.0,0.2013,Available,00:00:00,23:59:59,None,,,2,1,2.5
MAC_136,FAC_025,Powder Coating Oven Line #7,Surface Coating,32.0,2.8,90,10,110.0,0.2616,Available,00:00:00,23:59:59,Scheduled,2026-09-01 08:00:00,2026-09-01 14:00:00,2,2,4.0
MAC_137,FAC_026,Heavy Shot Blasting Machine #1,Surface Prep,20.0,1.4,30,6,130.0,0.143,Available,06:00:00,22:00:00,None,,,1,1,2.0
MAC_138,FAC_026,Rotary Screen Textile Printer #2,Textile Printing,28.0,2.0,60,8,300.0,0.0848,Available,06:00:00,22:00:00,None,,,3,3,2.5
MAC_139,FAC_026,Folder Gluer & Carton Sealer #3,Carton Assembly,10.0,0.6,30,8,800.0,0.0112,Available,06:00:00,22:00:00,None,,,1,1,0.6
MAC_140,FAC_026,Fruit Pulper & Extractor Line #4,Food Processing,18.5,1.2,60,8,250.0,0.0683,Available,06:00:00,22:00:00,None,,,2,2,1.5
MAC_141,FAC_027,CNC Milling Center VMC-850 #1,Machining Center,28.0,2.0,45,8,40.0,0.6476,Available,06:00:00,22:00:00,None,,,3,1,2.0
MAC_142,FAC_027,Hydraulic Stamping Press 150T #2,Forming Press,35.0,1.8,60,8,140.0,0.2293,Available,06:00:00,22:00:00,None,,,2,2,3.5
MAC_143,FAC_027,Plastic Injection Mold 250T #3,Molding Machine,32.0,2.2,60,10,120.0,0.2381,Available,06:00:00,22:00:00,None,,,2,1,3.0
MAC_144,FAC_027,Automatic Pouch Packaging Line #4,Packaging Line,12.0,0.8,30,10,600.0,0.018,Available,06:00:00,22:00:00,Scheduled,2026-10-11 08:00:00,2026-10-11 14:00:00,1,1,0.8
MAC_145,FAC_028,High-Pressure Pasteurizer #1,Thermal Processing,25.0,2.0,45,6,500.0,0.0457,Available,06:00:00,22:00:00,None,,,3,2,3.0
MAC_146,FAC_028,Blow Molding Container Line #2,Molding Machine,26.0,1.9,45,8,180.0,0.1287,Available,06:00:00,22:00:00,None,,,2,2,2.2
MAC_147,FAC_028,Robotic MIG Welding Station #3,Welding Cell,22.0,1.4,30,10,65.0,0.3075,Available,06:00:00,22:00:00,None,,,3,1,1.2
MAC_148,FAC_028,Fiber Laser Sheet Cutter 3kW #4,Laser Cutting,26.0,1.8,30,8,95.0,0.2528,Available,06:00:00,22:00:00,None,,,3,1,1.8
MAC_149,FAC_028,CNC Press Brake 110T #5,Bending & Forming,18.0,1.2,45,8,75.0,0.2172,Available,06:00:00,22:00:00,None,,,2,2,1.4
MAC_150,FAC_029,Air-Jet Weaving Loom Line #1,Weaving Machinery,34.0,2.6,120,12,220.0,0.1371,Available,06:00:00,22:00:00,None,,,2,2,3.2
MAC_151,FAC_029,Yarn Dyeing Vessel 500kg #2,Dyeing & Finishing,38.0,3.2,90,8,160.0,0.2187,Available,06:00:00,22:00:00,None,,,3,2,5.0
MAC_152,FAC_029,Automatic Corrugated Fluter #3,Board Conversion,24.0,1.6,60,8,420.0,0.0523,Available,06:00:00,22:00:00,Scheduled,2026-11-20 08:00:00,2026-11-20 14:00:00,2,2,2.2
MAC_153,FAC_029,Flexographic 4-Color Press #4,Package Printing,18.0,1.2,45,8,500.0,0.0317,Available,06:00:00,22:00:00,None,,,3,2,1.5
MAC_154,FAC_030,Automatic Die Cutting Press #1,Die Cutting,15.0,1.0,30,10,360.0,0.0391,Available,00:00:00,23:59:59,None,,,2,1,1.2
MAC_155,FAC_030,Cold Storage Compressor Unit #2,Refrigeration Unit,22.0,3.5,120,12,100.0,0.2029,Available,00:00:00,23:59:59,None,,,2,1,2.5
MAC_156,FAC_030,Powder Coating Oven Line #3,Surface Coating,32.0,2.8,90,10,110.0,0.2732,Available,00:00:00,23:59:59,None,,,2,2,4.0
MAC_157,FAC_030,Heavy Shot Blasting Machine #4,Surface Prep,20.0,1.4,30,6,130.0,0.1363,Available,00:00:00,23:59:59,None,,,1,1,2.0
MAC_158,FAC_030,Rotary Screen Textile Printer #5,Textile Printing,28.0,2.0,60,8,300.0,0.0852,Available,00:00:00,23:59:59,None,,,3,3,2.5
MAC_159,FAC_030,Folder Gluer & Carton Sealer #6,Carton Assembly,10.0,0.6,30,8,800.0,0.0113,Available,00:00:00,23:59:59,None,,,1,1,0.6
MAC_160,FAC_030,Fruit Pulper & Extractor Line #7,Food Processing,18.5,1.2,60,8,250.0,0.0664,Available,00:00:00,23:59:59,Scheduled,2026-10-06 08:00:00,2026-10-06 14:00:00,2,2,1.5
MAC_161,FAC_031,CNC Milling Center VMC-850 #1,Machining Center,28.0,2.0,45,8,40.0,0.624,Available,06:00:00,22:00:00,None,,,3,1,2.0
MAC_162,FAC_031,Hydraulic Stamping Press 150T #2,Forming Press,35.0,1.8,60,8,140.0,0.2253,Available,06:00:00,22:00:00,None,,,2,2,3.5
MAC_163,FAC_031,Plastic Injection Mold 250T #3,Molding Machine,32.0,2.2,60,10,120.0,0.2445,Available,06:00:00,22:00:00,None,,,2,1,3.0
MAC_164,FAC_031,Automatic Pouch Packaging Line #4,Packaging Line,12.0,0.8,30,10,600.0,0.0179,Available,06:00:00,22:00:00,None,,,1,1,0.8
MAC_165,FAC_031,High-Pressure Pasteurizer #5,Thermal Processing,25.0,2.0,45,6,500.0,0.0443,Available,06:00:00,22:00:00,None,,,3,2,3.0
MAC_166,FAC_032,Blow Molding Container Line #1,Molding Machine,26.0,1.9,45,8,180.0,0.1295,Available,06:00:00,22:00:00,None,,,2,2,2.2
MAC_167,FAC_032,Robotic MIG Welding Station #2,Welding Cell,22.0,1.4,30,10,65.0,0.3078,Available,06:00:00,22:00:00,None,,,3,1,1.2
MAC_168,FAC_032,Fiber Laser Sheet Cutter 3kW #3,Laser Cutting,26.0,1.8,30,8,95.0,0.2487,Available,06:00:00,22:00:00,Scheduled,2026-11-15 08:00:00,2026-11-15 14:00:00,3,1,1.8
MAC_169,FAC_033,CNC Press Brake 110T #1,Bending & Forming,18.0,1.2,45,8,75.0,0.224,Available,00:00:00,23:59:59,None,,,2,2,1.4
MAC_170,FAC_033,Air-Jet Weaving Loom Line #2,Weaving Machinery,34.0,2.6,120,12,220.0,0.1398,Available,00:00:00,23:59:59,None,,,2,2,3.2
MAC_171,FAC_033,Yarn Dyeing Vessel 500kg #3,Dyeing & Finishing,38.0,3.2,90,8,160.0,0.2147,Available,00:00:00,23:59:59,None,,,3,2,5.0
MAC_172,FAC_033,Automatic Corrugated Fluter #4,Board Conversion,24.0,1.6,60,8,420.0,0.0512,Available,00:00:00,23:59:59,None,,,2,2,2.2
MAC_173,FAC_033,Flexographic 4-Color Press #5,Package Printing,18.0,1.2,45,8,500.0,0.0325,Available,00:00:00,23:59:59,None,,,3,2,1.5
MAC_174,FAC_033,Automatic Die Cutting Press #6,Die Cutting,15.0,1.0,30,10,360.0,0.0374,Available,00:00:00,23:59:59,None,,,2,1,1.2
MAC_175,FAC_033,Cold Storage Compressor Unit #7,Refrigeration Unit,22.0,3.5,120,12,100.0,0.1936,Available,00:00:00,23:59:59,None,,,2,1,2.5
MAC_176,FAC_034,Powder Coating Oven Line #1,Surface Coating,32.0,2.8,90,10,110.0,0.2695,Available,00:00:00,23:59:59,Scheduled,2026-10-01 08:00:00,2026-10-01 14:00:00,2,2,4.0
MAC_177,FAC_034,Heavy Shot Blasting Machine #2,Surface Prep,20.0,1.4,30,6,130.0,0.1416,Available,00:00:00,23:59:59,None,,,1,1,2.0
MAC_178,FAC_034,Rotary Screen Textile Printer #3,Textile Printing,28.0,2.0,60,8,300.0,0.0827,Available,00:00:00,23:59:59,None,,,3,3,2.5
MAC_179,FAC_034,Folder Gluer & Carton Sealer #4,Carton Assembly,10.0,0.6,30,8,800.0,0.0117,Available,00:00:00,23:59:59,None,,,1,1,0.6
MAC_180,FAC_034,Fruit Pulper & Extractor Line #5,Food Processing,18.5,1.2,60,8,250.0,0.0683,Available,00:00:00,23:59:59,None,,,2,2,1.5
MAC_181,FAC_034,CNC Milling Center VMC-850 #6,Machining Center,28.0,2.0,45,8,40.0,0.6166,Available,00:00:00,23:59:59,None,,,3,1,2.0
MAC_182,FAC_034,Hydraulic Stamping Press 150T #7,Forming Press,35.0,1.8,60,8,140.0,0.2219,Available,00:00:00,23:59:59,None,,,2,2,3.5
MAC_183,FAC_035,Plastic Injection Mold 250T #1,Molding Machine,32.0,2.2,60,10,120.0,0.2375,Available,06:00:00,22:00:00,None,,,2,1,3.0
MAC_184,FAC_035,Automatic Pouch Packaging Line #2,Packaging Line,12.0,0.8,30,10,600.0,0.0187,Available,06:00:00,22:00:00,Scheduled,2026-11-10 08:00:00,2026-11-10 14:00:00,1,1,0.8
MAC_185,FAC_035,High-Pressure Pasteurizer #3,Thermal Processing,25.0,2.0,45,6,500.0,0.0442,Available,06:00:00,22:00:00,None,,,3,2,3.0
MAC_186,FAC_036,Blow Molding Container Line #1,Molding Machine,26.0,1.9,45,8,180.0,0.1306,Available,06:00:00,22:00:00,None,,,2,2,2.2
MAC_187,FAC_036,Robotic MIG Welding Station #2,Welding Cell,22.0,1.4,30,10,65.0,0.2989,Available,06:00:00,22:00:00,None,,,3,1,1.2
MAC_188,FAC_036,Fiber Laser Sheet Cutter 3kW #3,Laser Cutting,26.0,1.8,30,8,95.0,0.2456,Available,06:00:00,22:00:00,None,,,3,1,1.8
MAC_189,FAC_036,CNC Press Brake 110T #4,Bending & Forming,18.0,1.2,45,8,75.0,0.2117,Available,06:00:00,22:00:00,None,,,2,2,1.4
MAC_190,FAC_037,Air-Jet Weaving Loom Line #1,Weaving Machinery,34.0,2.6,120,12,220.0,0.1451,Available,06:00:00,22:00:00,None,,,2,2,3.2
MAC_191,FAC_037,Yarn Dyeing Vessel 500kg #2,Dyeing & Finishing,38.0,3.2,90,8,160.0,0.2152,Available,06:00:00,22:00:00,None,,,3,2,5.0
MAC_192,FAC_037,Automatic Corrugated Fluter #3,Board Conversion,24.0,1.6,60,8,420.0,0.0529,Available,06:00:00,22:00:00,Scheduled,2026-09-26 08:00:00,2026-09-26 14:00:00,2,2,2.2
MAC_193,FAC_038,Flexographic 4-Color Press #1,Package Printing,18.0,1.2,45,8,500.0,0.0336,Available,06:00:00,22:00:00,None,,,3,2,1.5
MAC_194,FAC_038,Automatic Die Cutting Press #2,Die Cutting,15.0,1.0,30,10,360.0,0.0373,Available,06:00:00,22:00:00,None,,,2,1,1.2
MAC_195,FAC_038,Cold Storage Compressor Unit #3,Refrigeration Unit,22.0,3.5,120,12,100.0,0.2022,Available,06:00:00,22:00:00,None,,,2,1,2.5
MAC_196,FAC_038,Powder Coating Oven Line #4,Surface Coating,32.0,2.8,90,10,110.0,0.2561,Available,06:00:00,22:00:00,None,,,2,2,4.0
MAC_197,FAC_038,Heavy Shot Blasting Machine #5,Surface Prep,20.0,1.4,30,6,130.0,0.1442,Available,06:00:00,22:00:00,None,,,1,1,2.0
MAC_198,FAC_039,Rotary Screen Textile Printer #1,Textile Printing,28.0,2.0,60,8,300.0,0.0869,Available,06:00:00,22:00:00,None,,,3,3,2.5
MAC_199,FAC_039,Folder Gluer & Carton Sealer #2,Carton Assembly,10.0,0.6,30,8,800.0,0.0115,Available,06:00:00,22:00:00,None,,,1,1,0.6
MAC_200,FAC_039,Fruit Pulper & Extractor Line #3,Food Processing,18.5,1.2,60,8,250.0,0.0676,Available,06:00:00,22:00:00,Scheduled,2026-11-05 08:00:00,2026-11-05 14:00:00,2,2,1.5
MAC_201,FAC_040,CNC Milling Center VMC-850 #1,Machining Center,28.0,2.0,45,8,40.0,0.625,Available,00:00:00,23:59:59,None,,,3,1,2.0
MAC_202,FAC_040,Hydraulic Stamping Press 150T #2,Forming Press,35.0,1.8,60,8,140.0,0.2334,Available,00:00:00,23:59:59,None,,,2,2,3.5
MAC_203,FAC_040,Plastic Injection Mold 250T #3,Molding Machine,32.0,2.2,60,10,120.0,0.237,Available,00:00:00,23:59:59,None,,,2,1,3.0
MAC_204,FAC_040,Automatic Pouch Packaging Line #4,Packaging Line,12.0,0.8,30,10,600.0,0.0183,Available,00:00:00,23:59:59,None,,,1,1,0.8
MAC_205,FAC_040,High-Pressure Pasteurizer #5,Thermal Processing,25.0,2.0,45,6,500.0,0.0465,Available,00:00:00,23:59:59,None,,,3,2,3.0
MAC_206,FAC_040,Blow Molding Container Line #6,Molding Machine,26.0,1.9,45,8,180.0,0.1289,Available,00:00:00,23:59:59,None,,,2,2,2.2
MAC_207,FAC_040,Robotic MIG Welding Station #7,Welding Cell,22.0,1.4,30,10,65.0,0.2984,Available,00:00:00,23:59:59,None,,,3,1,1.2
MAC_208,FAC_040,Fiber Laser Sheet Cutter 3kW #8,Laser Cutting,26.0,1.8,30,8,95.0,0.2503,Available,00:00:00,23:59:59,Scheduled,2026-09-21 08:00:00,2026-09-21 14:00:00,3,1,1.8
